TIME,OPEN,HIGH,LOW,CLOSE
2022-10-14 08:00:00,0.63200,0.63240,0.63100,0.63220
2022-10-14 07:45:00,0.63143,0.63217,0.63080,0.63199
2022-10-14 07:30:00,0.63280,0.63288,0.63040,0.63138
2022-10-14 07:15:00,0.63373,0.63399,0.63240,0.63284
2022-10-14 07:00:00,0.63442,0.63470,0.63260,0.63371
2022-10-14 06:45:00,0.63375,0.63449,0.63290,0.63436
2022-10-14 06:30:00,0.63282,0.63404,0.63230,0.63374
2022-10-14 06:15:00,0.63269,0.63354,0.63210,0.63279
2022-10-14 06:00:00,0.63334,0.63350,0.63230,0.63263
2022-10-14 05:45:00,0.63268,0.63368,0.63190,0.63328
2022-10-14 05:30:00,0.63305,0.63332,0.63210,0.63267
2022-10-14 05:15:00,0.63262,0.63329,0.63220,0.63307
2022-10-14 05:00:00,0.63282,0.63298,0.63210,0.63261
2022-10-14 04:45:00,0.63269,0.63323,0.63240,0.63278
2022-10-14 04:30:00,0.63330,0.63348,0.63230,0.63271
2022-10-14 04:15:00,0.63321,0.63345,0.63260,0.63334
2022-10-14 04:00:00,0.63395,0.63422,0.63270,0.63321
2022-10-14 03:45:00,0.63308,0.63434,0.63270,0.63399
2022-10-14 03:30:00,0.63285,0.63319,0.63230,0.63305
2022-10-14 03:15:00,0.63277,0.63318,0.63230,0.63283
2022-10-14 03:00:00,0.63274,0.63308,0.63210,0.63279
2022-10-14 02:45:00,0.63280,0.63335,0.63230,0.63270
2022-10-14 02:30:00,0.63313,0.63350,0.63230,0.63284
2022-10-14 02:15:00,0.63360,0.63388,0.63260,0.63313
2022-10-14 02:00:00,0.63266,0.63404,0.63220,0.63375
2022-10-14 01:45:00,0.63087,0.63277,0.63010,0.63263
2022-10-14 01:30:00,0.63106,0.63140,0.63030,0.63086
2022-10-14 01:15:00,0.63050,0.63143,0.63020,0.63107
2022-10-14 01:00:00,0.63001,0.63117,0.62960,0.63049
2022-10-14 00:45:00,0.62920,0.63056,0.62910,0.62970
2022-10-14 00:30:00,0.62995,0.63010,0.62850,0.62950
2022-10-14 00:15:00,0.62948,0.63093,0.62890,0.62990
2022-10-14 00:00:00,0.62980,0.63007,0.62910,0.62948
2022-10-13 23:45:00,0.63019,0.63025,0.62950,0.62987
2022-10-13 23:30:00,0.63000,0.63034,0.62950,0.63014
2022-10-13 23:15:00,0.63000,0.63012,0.62940,0.62996
2022-10-13 23:00:00,0.62974,0.63006,0.62930,0.62995
2022-10-13 22:45:00,0.62920,0.62978,0.62890,0.62974
2022-10-13 22:30:00,0.62960,0.62987,0.62890,0.62924
2022-10-13 22:15:00,0.62961,0.62990,0.62920,0.62961
2022-10-13 22:00:00,0.62961,0.62971,0.62930,0.62957
2022-10-13 21:45:00,0.62962,0.62980,0.62930,0.62961
2022-10-13 21:30:00,0.62967,0.62980,0.62884,0.62954
2022-10-13 21:15:00,0.62975,0.62986,0.62897,0.62970
2022-10-13 21:00:00,0.62972,0.62986,0.62920,0.62983
2022-10-13 20:45:00,0.62966,0.62980,0.62910,0.62974
2022-10-13 20:30:00,0.62914,0.62969,0.62870,0.62959
2022-10-13 20:15:00,0.62943,0.62966,0.62870,0.62910
2022-10-13 20:00:00,0.62958,0.62989,0.62890,0.62939
2022-10-13 19:45:00,0.62911,0.62963,0.62850,0.62960
2022-10-13 19:30:00,0.62982,0.63009,0.62860,0.62904
2022-10-13 19:15:00,0.63045,0.63061,0.62940,0.62940
2022-10-13 19:00:00,0.63030,0.63077,0.62970,0.63044
2022-10-13 18:45:00,0.62951,0.63050,0.62920,0.63026
2022-10-13 18:30:00,0.63018,0.63054,0.62900,0.62950
2022-10-13 18:15:00,0.63107,0.63112,0.62960,0.63018
2022-10-13 18:00:00,0.63090,0.63164,0.63030,0.63106
2022-10-13 17:45:00,0.63072,0.63165,0.63020,0.63084
2022-10-13 17:30:00,0.62889,0.63120,0.62850,0.63064
2022-10-13 17:15:00,0.62822,0.62951,0.62790,0.62888
2022-10-13 17:00:00,0.62864,0.62887,0.62760,0.62824
2022-10-13 16:45:00,0.62731,0.62867,0.62670,0.62865
2022-10-13 16:30:00,0.62808,0.62830,0.62650,0.62732
2022-10-13 16:15:00,0.62826,0.62964,0.62730,0.62810
2022-10-13 16:00:00,0.62760,0.62872,0.62670,0.62824
2022-10-13 15:45:00,0.62589,0.62945,0.62530,0.62763
2022-10-13 15:30:00,0.62414,0.62702,0.62320,0.62594
2022-10-13 15:15:00,0.62175,0.62414,0.62110,0.62408
2022-10-13 15:00:00,0.62051,0.62242,0.62010,0.62170
2022-10-13 14:45:00,0.61958,0.62127,0.61910,0.62054
2022-10-13 14:30:00,0.62168,0.62182,0.61900,0.61958
2022-10-13 14:15:00,0.62179,0.62280,0.62080,0.62169
2022-10-13 14:00:00,0.61920,0.62284,0.61860,0.62178
2022-10-13 13:45:00,0.61910,0.61985,0.61820,0.61919
2022-10-13 13:30:00,0.61931,0.62048,0.61720,0.61908
2022-10-13 13:15:00,0.62039,0.62046,0.61810,0.61936
2022-10-13 13:00:00,0.61790,0.62050,0.61670,0.62039
2022-10-13 12:45:00,0.62854,0.62860,0.61760,0.61800
2022-10-13 12:30:00,0.62840,0.62924,0.62800,0.62845
2022-10-13 12:15:00,0.62891,0.62919,0.62790,0.62852
2022-10-13 12:00:00,0.62911,0.62934,0.62820,0.62891
2022-10-13 11:45:00,0.62825,0.62985,0.62770,0.62917
2022-10-13 11:30:00,0.62799,0.62856,0.62730,0.62822
2022-10-13 11:15:00,0.62773,0.62820,0.62730,0.62800
2022-10-13 11:00:00,0.62810,0.62820,0.62690,0.62772
2022-10-13 10:45:00,0.62861,0.62869,0.62770,0.62818
2022-10-13 10:30:00,0.62860,0.62885,0.62810,0.62859
2022-10-13 10:15:00,0.62922,0.62961,0.62810,0.62862
2022-10-13 10:00:00,0.62935,0.62969,0.62870,0.62924
2022-10-13 09:45:00,0.62978,0.62991,0.62880,0.62935
2022-10-13 09:30:00,0.62955,0.62981,0.62880,0.62976
2022-10-13 09:15:00,0.62845,0.62965,0.62790,0.62955
2022-10-13 09:00:00,0.62799,0.62853,0.62730,0.62847
2022-10-13 08:45:00,0.62745,0.62813,0.62700,0.62793
2022-10-13 08:30:00,0.62732,0.62752,0.62670,0.62746
2022-10-13 08:15:00,0.62780,0.62797,0.62690,0.62730
2022-10-13 08:00:00,0.62778,0.62789,0.62690,0.62775
2022-10-13 07:45:00,0.62747,0.62806,0.62670,0.62775
2022-10-13 07:30:00,0.62713,0.62763,0.62660,0.62746
2022-10-13 07:15:00,0.62698,0.62724,0.62610,0.62700
2022-10-13 07:00:00,0.62720,0.62771,0.62650,0.62699
2022-10-13 06:45:00,0.62717,0.62740,0.62640,0.62717
2022-10-13 06:30:00,0.62753,0.62782,0.62680,0.62717
2022-10-13 06:15:00,0.62765,0.62810,0.62690,0.62753
2022-10-13 06:00:00,0.62803,0.62810,0.62710,0.62765
2022-10-13 05:45:00,0.62765,0.62826,0.62720,0.62802
2022-10-13 05:30:00,0.62797,0.62802,0.62690,0.62761
2022-10-13 05:15:00,0.62761,0.62801,0.62700,0.62795
2022-10-13 05:00:00,0.62740,0.62772,0.62690,0.62757
2022-10-13 04:45:00,0.62746,0.62769,0.62700,0.62748
2022-10-13 04:30:00,0.62690,0.62754,0.62690,0.62730
2022-10-13 04:15:00,0.62727,0.62742,0.62650,0.62720
2022-10-13 04:00:00,0.62727,0.62745,0.62690,0.62726
2022-10-13 03:45:00,0.62732,0.62738,0.62670,0.62730
2022-10-13 03:30:00,0.62702,0.62734,0.62640,0.62731
2022-10-13 03:15:00,0.62724,0.62730,0.62640,0.62702
2022-10-13 03:00:00,0.62760,0.62772,0.62670,0.62726
2022-10-13 02:45:00,0.62724,0.62793,0.62700,0.62771
2022-10-13 02:30:00,0.62738,0.62750,0.62670,0.62725
2022-10-13 02:15:00,0.62845,0.62859,0.62700,0.62736
2022-10-13 02:00:00,0.62831,0.62903,0.62790,0.62810
2022-10-13 01:45:00,0.62847,0.62862,0.62770,0.62830
2022-10-13 01:30:00,0.62870,0.62893,0.62790,0.62820
2022-10-13 01:15:00,0.62854,0.62891,0.62800,0.62882
2022-10-13 01:00:00,0.62868,0.62886,0.62790,0.62857
2022-10-13 00:45:00,0.62854,0.62906,0.62810,0.62860
2022-10-13 00:30:00,0.62755,0.62856,0.62710,0.62820
2022-10-13 00:15:00,0.62753,0.62804,0.62680,0.62753
2022-10-13 00:00:00,0.62742,0.62784,0.62700,0.62751
2022-10-12 23:45:00,0.62732,0.62760,0.62690,0.62744
2022-10-12 23:30:00,0.62745,0.62765,0.62690,0.62731
2022-10-12 23:15:00,0.62711,0.62758,0.62670,0.62720
2022-10-12 23:00:00,0.62748,0.62752,0.62670,0.62711
2022-10-12 22:45:00,0.62711,0.62750,0.62670,0.62745
2022-10-12 22:30:00,0.62761,0.62764,0.62660,0.62712
2022-10-12 22:15:00,0.62759,0.62796,0.62730,0.62763
2022-10-12 22:00:00,0.62766,0.62779,0.62730,0.62751
2022-10-12 21:45:00,0.62775,0.62775,0.62669,0.62760
2022-10-12 21:30:00,0.62767,0.62775,0.62695,0.62770
2022-10-12 21:15:00,0.62768,0.62781,0.62690,0.62767
2022-10-12 21:00:00,0.62728,0.62782,0.62690,0.62773
2022-10-12 20:45:00,0.62744,0.62744,0.62690,0.62720
2022-10-12 20:30:00,0.62736,0.62751,0.62690,0.62738
2022-10-12 20:15:00,0.62744,0.62754,0.62700,0.62733
2022-10-12 20:00:00,0.62781,0.62785,0.62700,0.62744
2022-10-12 19:45:00,0.62755,0.62807,0.62710,0.62782
2022-10-12 19:30:00,0.62752,0.62804,0.62690,0.62755
2022-10-12 19:15:00,0.62760,0.62760,0.62660,0.62748
2022-10-12 19:00:00,0.62845,0.62850,0.62710,0.62763
2022-10-12 18:45:00,0.62918,0.62945,0.62800,0.62810
2022-10-12 18:30:00,0.62963,0.62972,0.62820,0.62915
2022-10-12 18:15:00,0.62697,0.62987,0.62630,0.62964
2022-10-12 18:00:00,0.62678,0.62707,0.62630,0.62693
2022-10-12 17:45:00,0.62703,0.62704,0.62600,0.62677
2022-10-12 17:30:00,0.62680,0.62707,0.62630,0.62694
2022-10-12 17:15:00,0.62682,0.62720,0.62620,0.62684
2022-10-12 17:00:00,0.62651,0.62719,0.62590,0.62675
2022-10-12 16:45:00,0.62690,0.62717,0.62600,0.62651
2022-10-12 16:30:00,0.62665,0.62725,0.62620,0.62704
2022-10-12 16:15:00,0.62719,0.62739,0.62630,0.62630
2022-10-12 16:00:00,0.62665,0.62727,0.62630,0.62720
2022-10-12 15:45:00,0.62728,0.62734,0.62610,0.62665
2022-10-12 15:30:00,0.62729,0.62793,0.62660,0.62724
2022-10-12 15:15:00,0.62704,0.62747,0.62660,0.62728
2022-10-12 15:00:00,0.62635,0.62768,0.62550,0.62704
2022-10-12 14:45:00,0.62599,0.62726,0.62530,0.62631
2022-10-12 14:30:00,0.62601,0.62631,0.62500,0.62600
2022-10-12 14:15:00,0.62573,0.62647,0.62510,0.62600
2022-10-12 14:00:00,0.62619,0.62650,0.62500,0.62572
2022-10-12 13:45:00,0.62562,0.62635,0.62440,0.62615
2022-10-12 13:30:00,0.62459,0.62575,0.62410,0.62557
2022-10-12 13:15:00,0.62559,0.62595,0.62350,0.62430
2022-10-12 13:00:00,0.62585,0.62630,0.62520,0.62560
2022-10-12 12:45:00,0.62520,0.62600,0.62330,0.62585
2022-10-12 12:30:00,0.62519,0.62561,0.62440,0.62527
2022-10-12 12:15:00,0.62550,0.62575,0.62470,0.62520
2022-10-12 12:00:00,0.62606,0.62614,0.62490,0.62552
2022-10-12 11:45:00,0.62597,0.62644,0.62540,0.62607
2022-10-12 11:30:00,0.62594,0.62605,0.62500,0.62590
2022-10-12 11:15:00,0.62610,0.62674,0.62520,0.62594
2022-10-12 11:00:00,0.62613,0.62644,0.62530,0.62625
2022-10-12 10:45:00,0.62646,0.62671,0.62560,0.62609
2022-10-12 10:30:00,0.62699,0.62732,0.62570,0.62640
2022-10-12 10:15:00,0.62686,0.62739,0.62640,0.62699
2022-10-12 10:00:00,0.62638,0.62693,0.62570,0.62685
2022-10-12 09:45:00,0.62720,0.62745,0.62590,0.62636
2022-10-12 09:30:00,0.62599,0.62748,0.62550,0.62737
2022-10-12 09:15:00,0.62598,0.62650,0.62540,0.62600
2022-10-12 09:00:00,0.62590,0.62661,0.62540,0.62597
2022-10-12 08:45:00,0.62727,0.62733,0.62550,0.62605
2022-10-12 08:30:00,0.62560,0.62743,0.62540,0.62727
2022-10-12 08:15:00,0.62563,0.62660,0.62520,0.62569
2022-10-12 08:00:00,0.62634,0.62703,0.62520,0.62559
2022-10-12 07:45:00,0.62683,0.62760,0.62580,0.62629
2022-10-12 07:30:00,0.62790,0.62885,0.62570,0.62683
2022-10-12 07:15:00,0.62820,0.62856,0.62720,0.62787
2022-10-12 07:00:00,0.62862,0.62886,0.62740,0.62817
2022-10-12 06:45:00,0.62825,0.62875,0.62760,0.62850
2022-10-12 06:30:00,0.62747,0.62842,0.62660,0.62825
2022-10-12 06:15:00,0.62768,0.62790,0.62650,0.62747
2022-10-12 06:00:00,0.62709,0.62804,0.62660,0.62769
2022-10-12 05:45:00,0.62604,0.62708,0.62540,0.62680
2022-10-12 05:30:00,0.62633,0.62647,0.62540,0.62590
2022-10-12 05:15:00,0.62696,0.62726,0.62570,0.62628
2022-10-12 05:00:00,0.62650,0.62712,0.62610,0.62696
2022-10-12 04:45:00,0.62657,0.62660,0.62550,0.62650
2022-10-12 04:30:00,0.62703,0.62711,0.62600,0.62654
2022-10-12 04:15:00,0.62545,0.62817,0.62510,0.62703
2022-10-12 04:00:00,0.62502,0.62559,0.62450,0.62545
2022-10-12 03:45:00,0.62562,0.62569,0.62440,0.62490
2022-10-12 03:30:00,0.62543,0.62590,0.62490,0.62550
2022-10-12 03:15:00,0.62553,0.62561,0.62470,0.62544
2022-10-12 03:00:00,0.62413,0.62555,0.62370,0.62550
2022-10-12 02:45:00,0.62454,0.62506,0.62360,0.62409
2022-10-12 02:30:00,0.62436,0.62462,0.62370,0.62455
2022-10-12 02:15:00,0.62496,0.62500,0.62380,0.62441
2022-10-12 02:00:00,0.62419,0.62498,0.62370,0.62496
2022-10-12 01:45:00,0.62520,0.62566,0.62370,0.62420
2022-10-12 01:30:00,0.62540,0.62677,0.62500,0.62556
2022-10-12 01:15:00,0.62640,0.62684,0.62480,0.62534
2022-10-12 01:00:00,0.62662,0.62722,0.62570,0.62640
2022-10-12 00:45:00,0.62596,0.62683,0.62550,0.62666
2022-10-12 00:30:00,0.62581,0.62683,0.62540,0.62596
2022-10-12 00:15:00,0.62648,0.62686,0.62510,0.62578
2022-10-12 00:00:00,0.62636,0.62662,0.62580,0.62646
2022-10-11 23:45:00,0.62652,0.62677,0.62600,0.62637
2022-10-11 23:30:00,0.62722,0.62730,0.62620,0.62646
2022-10-11 23:15:00,0.62745,0.62756,0.62690,0.62710
2022-10-11 23:00:00,0.62757,0.62781,0.62710,0.62740
2022-10-11 22:45:00,0.62746,0.62766,0.62710,0.62754
2022-10-11 22:30:00,0.62740,0.62762,0.62700,0.62746
2022-10-11 22:15:00,0.62715,0.62743,0.62660,0.62736
2022-10-11 22:00:00,0.62682,0.62730,0.62670,0.62715
2022-10-11 21:45:00,0.62689,0.62720,0.62639,0.62692
2022-10-11 21:30:00,0.62701,0.62743,0.62650,0.62700
2022-10-11 21:15:00,0.62711,0.62720,0.62669,0.62707
2022-10-11 21:00:00,0.62752,0.62769,0.62667,0.62693
2022-10-11 20:45:00,0.62754,0.62780,0.62710,0.62740
2022-10-11 20:30:00,0.62700,0.62772,0.62650,0.62740
2022-10-11 20:15:00,0.62755,0.62763,0.62650,0.62690
2022-10-11 20:00:00,0.62774,0.62793,0.62680,0.62755
2022-10-11 19:45:00,0.62728,0.62796,0.62630,0.62760
2022-10-11 19:30:00,0.62688,0.62803,0.62600,0.62731
2022-10-11 19:15:00,0.62665,0.62704,0.62550,0.62688
2022-10-11 19:00:00,0.62998,0.63004,0.62620,0.62650
2022-10-11 18:45:00,0.63085,0.63111,0.62960,0.62996
2022-10-11 18:30:00,0.63120,0.63122,0.63010,0.63070
2022-10-11 18:15:00,0.63187,0.63200,0.63060,0.63120
2022-10-11 18:00:00,0.63199,0.63247,0.63130,0.63185
2022-10-11 17:45:00,0.63184,0.63216,0.63120,0.63199
2022-10-11 17:30:00,0.63240,0.63251,0.63130,0.63180
2022-10-11 17:15:00,0.63304,0.63325,0.63190,0.63238
2022-10-11 17:00:00,0.63418,0.63460,0.63250,0.63303
2022-10-11 16:45:00,0.63290,0.63417,0.63230,0.63411
2022-10-11 16:30:00,0.63241,0.63323,0.63190,0.63289
2022-10-11 16:15:00,0.63282,0.63286,0.63140,0.63242
2022-10-11 16:00:00,0.63175,0.63299,0.63120,0.63284
2022-10-11 15:45:00,0.63034,0.63179,0.62990,0.63175
2022-10-11 15:30:00,0.63013,0.63047,0.62960,0.63020
2022-10-11 15:15:00,0.62851,0.63037,0.62800,0.63013
2022-10-11 15:00:00,0.62893,0.62921,0.62770,0.62851
2022-10-11 14:45:00,0.62760,0.62909,0.62680,0.62860
2022-10-11 14:30:00,0.62766,0.62829,0.62690,0.62750
2022-10-11 14:15:00,0.62722,0.62775,0.62590,0.62764
2022-10-11 14:00:00,0.62897,0.62908,0.62680,0.62723
2022-10-11 13:45:00,0.62869,0.62912,0.62750,0.62889
2022-10-11 13:30:00,0.62958,0.62982,0.62830,0.62872
2022-10-11 13:15:00,0.62983,0.63005,0.62880,0.62959
2022-10-11 13:00:00,0.63025,0.63066,0.62940,0.62984
2022-10-11 12:45:00,0.63019,0.63137,0.62950,0.63024
2022-10-11 12:30:00,0.62931,0.63047,0.62880,0.63015
2022-10-11 12:15:00,0.62955,0.62961,0.62850,0.62932
2022-10-11 12:00:00,0.62936,0.62957,0.62830,0.62957
2022-10-11 11:45:00,0.62890,0.62970,0.62820,0.62938
2022-10-11 11:30:00,0.62765,0.62914,0.62720,0.62885
2022-10-11 11:15:00,0.62680,0.62786,0.62660,0.62760
2022-10-11 11:00:00,0.62635,0.62710,0.62590,0.62709
2022-10-11 10:45:00,0.62599,0.62662,0.62540,0.62635
2022-10-11 10:30:00,0.62604,0.62681,0.62460,0.62594
2022-10-11 10:15:00,0.62640,0.62692,0.62560,0.62604
2022-10-11 10:00:00,0.62640,0.62708,0.62580,0.62664
2022-10-11 09:45:00,0.62681,0.62721,0.62590,0.62637
2022-10-11 09:30:00,0.62740,0.62802,0.62650,0.62681
2022-10-11 09:15:00,0.62692,0.62779,0.62640,0.62740
2022-10-11 09:00:00,0.62719,0.62738,0.62620,0.62692
2022-10-11 08:45:00,0.62734,0.62746,0.62630,0.62720
2022-10-11 08:30:00,0.62838,0.62843,0.62680,0.62731
2022-10-11 08:15:00,0.62639,0.62860,0.62590,0.62842
2022-10-11 08:00:00,0.62716,0.62762,0.62590,0.62633
2022-10-11 07:45:00,0.62722,0.62805,0.62670,0.62716
2022-10-11 07:30:00,0.62680,0.62795,0.62640,0.62716
2022-10-11 07:15:00,0.62580,0.62714,0.62510,0.62694
2022-10-11 07:00:00,0.62657,0.62687,0.62500,0.62581
2022-10-11 06:45:00,0.62666,0.62728,0.62600,0.62659
2022-10-11 06:30:00,0.62606,0.62670,0.62550,0.62667
2022-10-11 06:15:00,0.62639,0.62703,0.62500,0.62590
2022-10-11 06:00:00,0.62613,0.62657,0.62530,0.62641
2022-10-11 05:45:00,0.62573,0.62625,0.62490,0.62609
2022-10-11 05:30:00,0.62548,0.62591,0.62510,0.62573
2022-10-11 05:15:00,0.62504,0.62573,0.62460,0.62540
2022-10-11 05:00:00,0.62520,0.62557,0.62440,0.62499
2022-10-11 04:45:00,0.62513,0.62563,0.62450,0.62547
2022-10-11 04:30:00,0.62624,0.62657,0.62460,0.62513
2022-10-11 04:15:00,0.62620,0.62666,0.62570,0.62623
2022-10-11 04:00:00,0.62639,0.62647,0.62560,0.62623
2022-10-11 03:45:00,0.62678,0.62698,0.62560,0.62640
2022-10-11 03:30:00,0.62643,0.62734,0.62610,0.62650
2022-10-11 03:15:00,0.62648,0.62683,0.62580,0.62640
2022-10-11 03:00:00,0.62629,0.62728,0.62590,0.62648
2022-10-11 02:45:00,0.62650,0.62710,0.62580,0.62620
2022-10-11 02:30:00,0.62631,0.62692,0.62580,0.62649
2022-10-11 02:15:00,0.62724,0.62796,0.62580,0.62632
2022-10-11 02:00:00,0.62730,0.62813,0.62690,0.62727
2022-10-11 01:45:00,0.62968,0.62992,0.62670,0.62726
2022-10-11 01:30:00,0.62997,0.63021,0.62930,0.62971
2022-10-11 01:15:00,0.63010,0.63031,0.62910,0.62996
2022-10-11 01:00:00,0.62994,0.63055,0.62940,0.63005
2022-10-11 00:45:00,0.62970,0.63021,0.62920,0.62980
2022-10-11 00:30:00,0.62870,0.62992,0.62810,0.62977
2022-10-11 00:15:00,0.62961,0.62962,0.62770,0.62871
2022-10-11 00:00:00,0.62968,0.62970,0.62880,0.62962
2022-10-10 23:45:00,0.62962,0.62983,0.62920,0.62969
2022-10-10 23:30:00,0.62960,0.62991,0.62910,0.62952
2022-10-10 23:15:00,0.62936,0.62963,0.62890,0.62956
2022-10-10 23:00:00,0.62961,0.62980,0.62900,0.62935
2022-10-10 22:45:00,0.63003,0.63006,0.62920,0.62962
2022-10-10 22:30:00,0.62974,0.63008,0.62950,0.63005
2022-10-10 22:15:00,0.62957,0.63000,0.62920,0.62974
2022-10-10 22:00:00,0.62995,0.63001,0.62930,0.62947
2022-10-10 21:45:00,0.62991,0.63003,0.62950,0.62995
2022-10-10 21:30:00,0.62964,0.63000,0.62923,0.62991
2022-10-10 21:15:00,0.62983,0.63040,0.62927,0.62960
2022-10-10 21:00:00,0.62973,0.63010,0.62920,0.62975
2022-10-10 20:45:00,0.62968,0.62980,0.62920,0.62969
2022-10-10 20:30:00,0.62965,0.62978,0.62910,0.62930
2022-10-10 20:15:00,0.62983,0.63001,0.62920,0.62973
2022-10-10 20:00:00,0.63004,0.63059,0.62950,0.62985
2022-10-10 19:45:00,0.63001,0.63042,0.62950,0.63009
2022-10-10 19:30:00,0.63000,0.63055,0.62960,0.63003
2022-10-10 19:15:00,0.62958,0.63014,0.62910,0.63007
2022-10-10 19:00:00,0.63045,0.63049,0.62910,0.62930
2022-10-10 18:45:00,0.62995,0.63084,0.62940,0.63047
2022-10-10 18:30:00,0.63005,0.63044,0.62940,0.62990
2022-10-10 18:15:00,0.63013,0.63039,0.62960,0.63012
2022-10-10 18:00:00,0.62918,0.63047,0.62870,0.63006
2022-10-10 17:45:00,0.62863,0.62945,0.62820,0.62915
2022-10-10 17:30:00,0.62866,0.62906,0.62790,0.62863
2022-10-10 17:15:00,0.62824,0.62878,0.62730,0.62866
2022-10-10 17:00:00,0.62873,0.62894,0.62790,0.62821
2022-10-10 16:45:00,0.62875,0.62910,0.62820,0.62860
2022-10-10 16:30:00,0.62940,0.62960,0.62820,0.62875
2022-10-10 16:15:00,0.62928,0.62991,0.62880,0.62944
2022-10-10 16:00:00,0.62817,0.62954,0.62780,0.62928
2022-10-10 15:45:00,0.62821,0.62847,0.62740,0.62817
2022-10-10 15:30:00,0.62807,0.62865,0.62720,0.62822
2022-10-10 15:15:00,0.62843,0.62846,0.62710,0.62807
2022-10-10 15:00:00,0.62997,0.63016,0.62800,0.62830
2022-10-10 14:45:00,0.63103,0.63209,0.62960,0.62980
2022-10-10 14:30:00,0.63086,0.63129,0.63040,0.63090
2022-10-10 14:15:00,0.63104,0.63155,0.63020,0.63084
2022-10-10 14:00:00,0.63081,0.63142,0.63040,0.63105
2022-10-10 13:45:00,0.63121,0.63146,0.62980,0.63082
2022-10-10 13:30:00,0.63163,0.63198,0.63080,0.63120
2022-10-10 13:15:00,0.63270,0.63292,0.63110,0.63165
2022-10-10 13:00:00,0.63199,0.63285,0.63160,0.63270
2022-10-10 12:45:00,0.63222,0.63263,0.63150,0.63201
2022-10-10 12:30:00,0.63123,0.63229,0.63040,0.63222
2022-10-10 12:15:00,0.63138,0.63192,0.63080,0.63128
2022-10-10 12:00:00,0.63064,0.63176,0.63020,0.63141
2022-10-10 11:45:00,0.63134,0.63158,0.62970,0.63060
2022-10-10 11:30:00,0.63075,0.63134,0.63030,0.63130
2022-10-10 11:15:00,0.63061,0.63126,0.63030,0.63073
2022-10-10 11:00:00,0.63111,0.63128,0.63010,0.63058
2022-10-10 10:45:00,0.63123,0.63167,0.63050,0.63107
2022-10-10 10:30:00,0.63167,0.63168,0.63060,0.63110
2022-10-10 10:15:00,0.63185,0.63241,0.63120,0.63150
2022-10-10 10:00:00,0.63194,0.63199,0.63100,0.63185
2022-10-10 09:45:00,0.63064,0.63197,0.63020,0.63193
2022-10-10 09:30:00,0.63063,0.63141,0.63020,0.63065
2022-10-10 09:15:00,0.63008,0.63144,0.62970,0.63069
2022-10-10 09:00:00,0.62920,0.63045,0.62890,0.63007
2022-10-10 08:45:00,0.62944,0.62957,0.62840,0.62927
2022-10-10 08:30:00,0.63011,0.63038,0.62900,0.62945
2022-10-10 08:15:00,0.63093,0.63111,0.62970,0.63012
2022-10-10 08:00:00,0.63115,0.63152,0.63000,0.63095
2022-10-10 07:45:00,0.63203,0.63258,0.63080,0.63110
2022-10-10 07:30:00,0.63257,0.63295,0.63160,0.63204
2022-10-10 07:15:00,0.63182,0.63304,0.63150,0.63257
2022-10-10 07:00:00,0.63224,0.63288,0.63100,0.63181
2022-10-10 06:45:00,0.63225,0.63246,0.63130,0.63226
2022-10-10 06:30:00,0.63271,0.63306,0.63180,0.63223
2022-10-10 06:15:00,0.63235,0.63312,0.63190,0.63270
2022-10-10 06:00:00,0.63277,0.63310,0.63190,0.63238
2022-10-10 05:45:00,0.63359,0.63361,0.63220,0.63276
2022-10-10 05:30:00,0.63307,0.63399,0.63250,0.63361
2022-10-10 05:15:00,0.63335,0.63400,0.63270,0.63308
2022-10-10 05:00:00,0.63318,0.63357,0.63190,0.63334
2022-10-10 04:45:00,0.63389,0.63401,0.63270,0.63318
2022-10-10 04:30:00,0.63486,0.63511,0.63330,0.63390
2022-10-10 04:15:00,0.63478,0.63545,0.63430,0.63470
2022-10-10 04:00:00,0.63437,0.63482,0.63390,0.63460
2022-10-10 03:45:00,0.63510,0.63533,0.63390,0.63438
2022-10-10 03:30:00,0.63596,0.63600,0.63480,0.63516
2022-10-10 03:15:00,0.63601,0.63632,0.63510,0.63595
2022-10-10 03:00:00,0.63609,0.63645,0.63540,0.63590
2022-10-10 02:45:00,0.63662,0.63672,0.63570,0.63611
2022-10-10 02:30:00,0.63659,0.63692,0.63600,0.63650
2022-10-10 02:15:00,0.63740,0.63747,0.63620,0.63662
2022-10-10 02:00:00,0.63749,0.63802,0.63690,0.63746
2022-10-10 01:45:00,0.63676,0.63759,0.63620,0.63747
2022-10-10 01:30:00,0.63708,0.63734,0.63600,0.63650
2022-10-10 01:15:00,0.63647,0.63722,0.63610,0.63704
2022-10-10 01:00:00,0.63613,0.63663,0.63550,0.63646
2022-10-10 00:45:00,0.63549,0.63644,0.63470,0.63611
2022-10-10 00:30:00,0.63614,0.63648,0.63490,0.63549
2022-10-10 00:15:00,0.63607,0.63634,0.63540,0.63614
2022-10-10 00:00:00,0.63567,0.63613,0.63520,0.63580
2022-10-09 23:45:00,0.63567,0.63571,0.63440,0.63566
2022-10-09 23:30:00,0.63556,0.63603,0.63530,0.63564
2022-10-09 23:15:00,0.63447,0.63579,0.63400,0.63558
2022-10-09 23:00:00,0.63497,0.63533,0.63420,0.63451
2022-10-09 22:45:00,0.63524,0.63541,0.63460,0.63504
2022-10-09 22:30:00,0.63582,0.63602,0.63460,0.63527
2022-10-09 22:15:00,0.63657,0.63680,0.63510,0.63581
2022-10-07 21:45:00,0.63680,0.63680,0.63680,0.63680
2022-10-07 21:30:00,0.63680,0.63680,0.63680,0.63680
2022-10-07 21:15:00,0.63656,0.63680,0.63656,0.63680
2022-10-07 21:00:00,0.63595,0.63687,0.63550,0.63673
2022-10-07 20:45:00,0.63578,0.63627,0.63540,0.63596
2022-10-07 20:30:00,0.63620,0.63624,0.63540,0.63574
2022-10-07 20:15:00,0.63633,0.63641,0.63560,0.63618
2022-10-07 20:00:00,0.63637,0.63643,0.63540,0.63634
2022-10-07 19:45:00,0.63559,0.63653,0.63500,0.63632
2022-10-07 19:30:00,0.63610,0.63626,0.63510,0.63560
2022-10-07 19:15:00,0.63669,0.63685,0.63570,0.63614
2022-10-07 19:00:00,0.63690,0.63715,0.63630,0.63672
2022-10-07 18:45:00,0.63732,0.63763,0.63660,0.63707
2022-10-07 18:30:00,0.63780,0.63795,0.63700,0.63730
2022-10-07 18:15:00,0.63787,0.63801,0.63700,0.63783
2022-10-07 18:00:00,0.63854,0.63857,0.63740,0.63787
2022-10-07 17:45:00,0.63821,0.63875,0.63750,0.63856
2022-10-07 17:30:00,0.63803,0.63865,0.63760,0.63810
2022-10-07 17:15:00,0.63818,0.63819,0.63710,0.63805
2022-10-07 17:00:00,0.63786,0.63823,0.63690,0.63812
2022-10-07 16:45:00,0.63861,0.63868,0.63730,0.63785
2022-10-07 16:30:00,0.63926,0.63960,0.63810,0.63862
2022-10-07 16:15:00,0.63925,0.63992,0.63860,0.63923
2022-10-07 16:00:00,0.64000,0.64000,0.63820,0.63923
2022-10-07 15:45:00,0.63964,0.64010,0.63870,0.63996
2022-10-07 15:30:00,0.64026,0.64040,0.63860,0.63964
2022-10-07 15:15:00,0.64051,0.64080,0.63930,0.64024
2022-10-07 15:00:00,0.63915,0.64126,0.63870,0.64052
2022-10-07 14:45:00,0.63936,0.63964,0.63800,0.63912
2022-10-07 14:30:00,0.63940,0.64021,0.63860,0.63935
2022-10-07 14:15:00,0.63916,0.63970,0.63750,0.63952
2022-10-07 14:00:00,0.63920,0.63986,0.63800,0.63918
2022-10-07 13:45:00,0.63968,0.64110,0.63870,0.63935
2022-10-07 13:30:00,0.64040,0.64093,0.63890,0.63968
2022-10-07 13:15:00,0.63846,0.64048,0.63770,0.64037
2022-10-07 13:00:00,0.63864,0.63887,0.63670,0.63853
2022-10-07 12:45:00,0.64145,0.64150,0.63760,0.63863
2022-10-07 12:30:00,0.64174,0.64206,0.64100,0.64133
2022-10-07 12:15:00,0.64111,0.64205,0.64070,0.64173
2022-10-07 12:00:00,0.64140,0.64173,0.64070,0.64107
2022-10-07 11:45:00,0.64185,0.64207,0.64080,0.64141
2022-10-07 11:30:00,0.64237,0.64288,0.64140,0.64183
2022-10-07 11:15:00,0.64212,0.64254,0.64160,0.64237
2022-10-07 11:00:00,0.64181,0.64235,0.64140,0.64217
2022-10-07 10:45:00,0.64185,0.64205,0.64100,0.64181
2022-10-07 10:30:00,0.64208,0.64224,0.64140,0.64184
2022-10-07 10:15:00,0.64232,0.64282,0.64170,0.64200
2022-10-07 10:00:00,0.64220,0.64255,0.64160,0.64228
2022-10-07 09:45:00,0.64240,0.64286,0.64180,0.64240
2022-10-07 09:30:00,0.64197,0.64286,0.64170,0.64248
2022-10-07 09:15:00,0.64163,0.64206,0.64110,0.64170
2022-10-07 09:00:00,0.64170,0.64216,0.64130,0.64159
2022-10-07 08:45:00,0.64178,0.64211,0.64120,0.64186
2022-10-07 08:30:00,0.64162,0.64252,0.64100,0.64174
2022-10-07 08:15:00,0.64030,0.64167,0.63990,0.64157
2022-10-07 08:00:00,0.64123,0.64150,0.64000,0.64047
2022-10-07 07:45:00,0.64051,0.64172,0.63990,0.64122
2022-10-07 07:30:00,0.64035,0.64099,0.63960,0.64049
2022-10-07 07:15:00,0.63902,0.64053,0.63850,0.64037
2022-10-07 07:00:00,0.63881,0.63945,0.63810,0.63903
2022-10-07 06:45:00,0.63892,0.63940,0.63810,0.63875
2022-10-07 06:30:00,0.64033,0.64109,0.63850,0.63892
2022-10-07 06:15:00,0.64155,0.64156,0.64000,0.64037
2022-10-07 06:00:00,0.64139,0.64182,0.64090,0.64140
2022-10-07 05:45:00,0.64105,0.64163,0.64060,0.64135
2022-10-07 05:30:00,0.64084,0.64121,0.64030,0.64105
2022-10-07 05:15:00,0.64033,0.64110,0.64000,0.64078
2022-10-07 05:00:00,0.64140,0.64142,0.63990,0.63990
2022-10-07 04:45:00,0.64160,0.64210,0.64090,0.64134
2022-10-07 04:30:00,0.64153,0.64183,0.64120,0.64161
2022-10-07 04:15:00,0.64175,0.64217,0.64120,0.64152
2022-10-07 04:00:00,0.64207,0.64226,0.64130,0.64169
2022-10-07 03:45:00,0.64225,0.64234,0.64130,0.64208
2022-10-07 03:30:00,0.64251,0.64281,0.64190,0.64228
2022-10-07 03:15:00,0.64268,0.64307,0.64210,0.64220
2022-10-07 03:00:00,0.64310,0.64325,0.64220,0.64250
2022-10-07 02:45:00,0.64199,0.64312,0.64160,0.64309
2022-10-07 02:30:00,0.64180,0.64229,0.64130,0.64192
2022-10-07 02:15:00,0.64282,0.64282,0.64150,0.64195
2022-10-07 02:00:00,0.64260,0.64284,0.64170,0.64260
2022-10-07 01:45:00,0.64205,0.64280,0.64140,0.64262
2022-10-07 01:30:00,0.64147,0.64217,0.64070,0.64203
2022-10-07 01:15:00,0.64132,0.64165,0.64030,0.64146
2022-10-07 01:00:00,0.64149,0.64192,0.64060,0.64128
2022-10-07 00:45:00,0.64155,0.64187,0.64090,0.64149
2022-10-07 00:30:00,0.64083,0.64176,0.64050,0.64155
2022-10-07 00:15:00,0.64144,0.64171,0.64010,0.64075
2022-10-07 00:00:00,0.64090,0.64146,0.64030,0.64141
2022-10-06 23:45:00,0.64143,0.64153,0.64050,0.64060
2022-10-06 23:30:00,0.64095,0.64146,0.64040,0.64142
2022-10-06 23:15:00,0.64090,0.64126,0.64050,0.64090
2022-10-06 23:00:00,0.64118,0.64127,0.64050,0.64090
2022-10-06 22:45:00,0.64132,0.64141,0.64070,0.64114
2022-10-06 22:30:00,0.64158,0.64182,0.64090,0.64120
2022-10-06 22:15:00,0.64125,0.64161,0.64080,0.64159
2022-10-06 22:00:00,0.64085,0.64121,0.64060,0.64105
2022-10-06 21:45:00,0.64080,0.64121,0.64010,0.64086
2022-10-06 21:30:00,0.64051,0.64130,0.64046,0.64090
2022-10-06 21:15:00,0.64080,0.64090,0.64034,0.64050
2022-10-06 21:00:00,0.64106,0.64115,0.64018,0.64080
2022-10-06 20:45:00,0.64105,0.64114,0.64070,0.64110
2022-10-06 20:30:00,0.64119,0.64141,0.64070,0.64100
2022-10-06 20:15:00,0.64100,0.64133,0.64060,0.64120
2022-10-06 20:00:00,0.64105,0.64141,0.64040,0.64101
2022-10-06 19:45:00,0.64110,0.64116,0.64030,0.64105
2022-10-06 19:30:00,0.64049,0.64116,0.63990,0.64100
2022-10-06 19:15:00,0.64072,0.64088,0.63960,0.64052
2022-10-06 19:00:00,0.64157,0.64160,0.63990,0.64074
2022-10-06 18:45:00,0.64191,0.64238,0.64120,0.64157
2022-10-06 18:30:00,0.64183,0.64208,0.64120,0.64187
2022-10-06 18:15:00,0.64208,0.64217,0.64090,0.64184
2022-10-06 18:00:00,0.64209,0.64236,0.64130,0.64208
2022-10-06 17:45:00,0.64229,0.64231,0.64150,0.64203
2022-10-06 17:30:00,0.64204,0.64241,0.64160,0.64225
2022-10-06 17:15:00,0.64125,0.64210,0.64080,0.64190
2022-10-06 17:00:00,0.64130,0.64152,0.64030,0.64121
2022-10-06 16:45:00,0.64067,0.64139,0.64010,0.64135
2022-10-06 16:30:00,0.63969,0.64068,0.63890,0.64050
2022-10-06 16:15:00,0.64107,0.64131,0.63850,0.63969
2022-10-06 16:00:00,0.64200,0.64287,0.64060,0.64070
2022-10-06 15:45:00,0.64336,0.64337,0.64150,0.64202
2022-10-06 15:30:00,0.64217,0.64349,0.64170,0.64338
2022-10-06 15:15:00,0.64314,0.64357,0.64180,0.64219
2022-10-06 15:00:00,0.64338,0.64412,0.64130,0.64315
2022-10-06 14:45:00,0.64305,0.64352,0.64180,0.64330
2022-10-06 14:30:00,0.64332,0.64385,0.64240,0.64307
2022-10-06 14:15:00,0.64490,0.64494,0.64270,0.64332
2022-10-06 14:00:00,0.64631,0.64635,0.64380,0.64489
2022-10-06 13:45:00,0.64444,0.64681,0.64400,0.64632
2022-10-06 13:30:00,0.64540,0.64595,0.64380,0.64442
2022-10-06 13:15:00,0.64639,0.64646,0.64440,0.64540
2022-10-06 13:00:00,0.64780,0.64788,0.64590,0.64638
2022-10-06 12:45:00,0.64626,0.64822,0.64590,0.64780
2022-10-06 12:30:00,0.64603,0.64660,0.64530,0.64623
2022-10-06 12:15:00,0.64623,0.64674,0.64550,0.64599
2022-10-06 12:00:00,0.64618,0.64630,0.64500,0.64625
2022-10-06 11:45:00,0.64588,0.64670,0.64550,0.64618
2022-10-06 11:30:00,0.64628,0.64667,0.64510,0.64580
2022-10-06 11:15:00,0.64590,0.64687,0.64550,0.64629
2022-10-06 11:00:00,0.64625,0.64629,0.64490,0.64588
2022-10-06 10:45:00,0.64606,0.64660,0.64570,0.64620
2022-10-06 10:30:00,0.64674,0.64688,0.64540,0.64607
2022-10-06 10:15:00,0.64649,0.64706,0.64610,0.64674
2022-10-06 10:00:00,0.64777,0.64778,0.64610,0.64650
2022-10-06 09:45:00,0.64805,0.64810,0.64710,0.64777
2022-10-06 09:30:00,0.64808,0.64852,0.64740,0.64803
2022-10-06 09:15:00,0.64790,0.64825,0.64690,0.64770
2022-10-06 09:00:00,0.64801,0.64865,0.64710,0.64789
2022-10-06 08:45:00,0.64837,0.64893,0.64760,0.64798
2022-10-06 08:30:00,0.64968,0.65022,0.64800,0.64839
2022-10-06 08:15:00,0.65000,0.65081,0.64880,0.64968
2022-10-06 08:00:00,0.65072,0.65090,0.64990,0.65029
2022-10-06 07:45:00,0.65167,0.65167,0.65040,0.65069
2022-10-06 07:30:00,0.65119,0.65172,0.65050,0.65168
2022-10-06 07:15:00,0.65035,0.65129,0.64960,0.65118
2022-10-06 07:00:00,0.65189,0.65207,0.64990,0.65032
2022-10-06 06:45:00,0.65162,0.65232,0.65130,0.65192
2022-10-06 06:30:00,0.65190,0.65201,0.65110,0.65162
2022-10-06 06:15:00,0.65269,0.65271,0.65110,0.65160
2022-10-06 06:00:00,0.65298,0.65356,0.65230,0.65267
2022-10-06 05:45:00,0.65266,0.65347,0.65220,0.65298
2022-10-06 05:30:00,0.65293,0.65314,0.65190,0.65267
2022-10-06 05:15:00,0.65340,0.65368,0.65240,0.65292
2022-10-06 05:00:00,0.65294,0.65354,0.65240,0.65353
2022-10-06 04:45:00,0.65268,0.65304,0.65210,0.65296
2022-10-06 04:30:00,0.65225,0.65275,0.65160,0.65270
2022-10-06 04:15:00,0.65264,0.65270,0.65180,0.65225
2022-10-06 04:00:00,0.65294,0.65299,0.65210,0.65262
2022-10-06 03:45:00,0.65394,0.65395,0.65240,0.65295
2022-10-06 03:30:00,0.65373,0.65409,0.65320,0.65392
2022-10-06 03:15:00,0.65340,0.65389,0.65280,0.65373
2022-10-06 03:00:00,0.65240,0.65368,0.65190,0.65336
2022-10-06 02:45:00,0.65194,0.65250,0.65140,0.65240
2022-10-06 02:30:00,0.65192,0.65211,0.65120,0.65196
2022-10-06 02:15:00,0.65160,0.65254,0.65110,0.65160
2022-10-06 02:00:00,0.65050,0.65182,0.65020,0.65160
2022-10-06 01:45:00,0.65049,0.65119,0.64990,0.65050
2022-10-06 01:30:00,0.65116,0.65168,0.65000,0.65030
2022-10-06 01:15:00,0.65111,0.65173,0.65030,0.65100
2022-10-06 01:00:00,0.65189,0.65257,0.65060,0.65106
2022-10-06 00:45:00,0.65189,0.65217,0.65080,0.65182
2022-10-06 00:30:00,0.65145,0.65195,0.65100,0.65193
2022-10-06 00:15:00,0.65122,0.65187,0.65020,0.65146
2022-10-06 00:00:00,0.65074,0.65132,0.65000,0.65122
2022-10-05 23:45:00,0.65043,0.65100,0.65000,0.65071
2022-10-05 23:30:00,0.64986,0.65051,0.64950,0.65045
2022-10-05 23:15:00,0.64949,0.64992,0.64900,0.64987
2022-10-05 23:00:00,0.64966,0.64984,0.64910,0.64948
2022-10-05 22:45:00,0.64903,0.64969,0.64870,0.64960
2022-10-05 22:30:00,0.64900,0.64911,0.64850,0.64902
2022-10-05 22:15:00,0.64893,0.64914,0.64840,0.64899
2022-10-05 22:00:00,0.64888,0.64900,0.64878,0.64890
2022-10-05 21:45:00,0.64876,0.64899,0.64850,0.64860
2022-10-05 21:30:00,0.64881,0.64890,0.64840,0.64880
2022-10-05 21:15:00,0.64842,0.64900,0.64810,0.64880
2022-10-05 21:00:00,0.64905,0.64916,0.64817,0.64855
2022-10-05 20:45:00,0.64969,0.64973,0.64870,0.64910
2022-10-05 20:30:00,0.64977,0.64996,0.64930,0.64965
2022-10-05 20:15:00,0.64999,0.65040,0.64940,0.64982
2022-10-05 20:00:00,0.65062,0.65075,0.64930,0.64997
2022-10-05 19:45:00,0.65108,0.65119,0.65000,0.65057
2022-10-05 19:30:00,0.65082,0.65135,0.65030,0.65105
2022-10-05 19:15:00,0.65039,0.65103,0.64980,0.65082
2022-10-05 19:00:00,0.64940,0.65043,0.64890,0.65034
2022-10-05 18:45:00,0.64880,0.64954,0.64820,0.64940
2022-10-05 18:30:00,0.64824,0.64892,0.64780,0.64880
2022-10-05 18:15:00,0.64767,0.64830,0.64710,0.64822
2022-10-05 18:00:00,0.64795,0.64847,0.64710,0.64768
2022-10-05 17:45:00,0.64834,0.64855,0.64750,0.64795
2022-10-05 17:30:00,0.64733,0.64849,0.64690,0.64833
2022-10-05 17:15:00,0.64635,0.64734,0.64590,0.64730
2022-10-05 17:00:00,0.64598,0.64690,0.64550,0.64635
2022-10-05 16:45:00,0.64632,0.64665,0.64550,0.64590
2022-10-05 16:30:00,0.64692,0.64697,0.64570,0.64626
2022-10-05 16:15:00,0.64650,0.64696,0.64540,0.64692
2022-10-05 16:00:00,0.64616,0.64655,0.64560,0.64648
2022-10-05 15:45:00,0.64557,0.64660,0.64510,0.64615
2022-10-05 15:30:00,0.64413,0.64561,0.64360,0.64550
2022-10-05 15:15:00,0.64455,0.64513,0.64350,0.64400
2022-10-05 15:00:00,0.64407,0.64476,0.64360,0.64460
2022-10-05 14:45:00,0.64241,0.64424,0.64220,0.64408
2022-10-05 14:30:00,0.64273,0.64279,0.64130,0.64240
2022-10-05 14:15:00,0.64496,0.64500,0.64170,0.64269
2022-10-05 14:00:00,0.64436,0.64506,0.64380,0.64498
2022-10-05 13:45:00,0.64357,0.64516,0.64320,0.64437
2022-10-05 13:30:00,0.64523,0.64524,0.64300,0.64340
2022-10-05 13:15:00,0.64544,0.64610,0.64470,0.64523
2022-10-05 13:00:00,0.64400,0.64560,0.64350,0.64544
2022-10-05 12:45:00,0.64439,0.64569,0.64380,0.64434
2022-10-05 12:30:00,0.64410,0.64531,0.64330,0.64430
2022-10-05 12:15:00,0.64401,0.64474,0.64320,0.64460
2022-10-05 12:00:00,0.64432,0.64446,0.64300,0.64400
2022-10-05 11:45:00,0.64629,0.64652,0.64390,0.64420
2022-10-05 11:30:00,0.64615,0.64637,0.64560,0.64620
2022-10-05 11:15:00,0.64713,0.64733,0.64560,0.64614
2022-10-05 11:00:00,0.64665,0.64718,0.64600,0.64715
2022-10-05 10:45:00,0.64672,0.64696,0.64610,0.64667
2022-10-05 10:30:00,0.64634,0.64680,0.64570,0.64673
2022-10-05 10:15:00,0.64674,0.64703,0.64590,0.64634
2022-10-05 10:00:00,0.64729,0.64742,0.64610,0.64676
2022-10-05 09:45:00,0.64825,0.64830,0.64690,0.64727
2022-10-05 09:30:00,0.64868,0.64894,0.64780,0.64810
2022-10-05 09:15:00,0.64810,0.64883,0.64740,0.64867
2022-10-05 09:00:00,0.64802,0.64882,0.64750,0.64822
2022-10-05 08:45:00,0.64739,0.64812,0.64710,0.64802
2022-10-05 08:30:00,0.64824,0.64828,0.64670,0.64743
2022-10-05 08:15:00,0.64848,0.64893,0.64780,0.64824
2022-10-05 08:00:00,0.64919,0.64926,0.64790,0.64843
2022-10-05 07:45:00,0.64936,0.64985,0.64860,0.64880
2022-10-05 07:30:00,0.64979,0.64993,0.64860,0.64936
2022-10-05 07:15:00,0.65071,0.65090,0.64920,0.64977
2022-10-05 07:00:00,0.65200,0.65223,0.64980,0.65071
2022-10-05 06:45:00,0.65141,0.65210,0.65090,0.65198
2022-10-05 06:30:00,0.64919,0.65171,0.64890,0.65100
2022-10-05 06:15:00,0.64879,0.64953,0.64850,0.64924
2022-10-05 06:00:00,0.64930,0.64948,0.64830,0.64876
2022-10-05 05:45:00,0.64900,0.64947,0.64850,0.64942
2022-10-05 05:30:00,0.64935,0.64952,0.64850,0.64900
2022-10-05 05:15:00,0.64859,0.64971,0.64830,0.64920
2022-10-05 05:00:00,0.64801,0.64900,0.64740,0.64855
2022-10-05 04:45:00,0.64834,0.64851,0.64750,0.64800
2022-10-05 04:30:00,0.64916,0.64924,0.64760,0.64829
2022-10-05 04:15:00,0.64970,0.64981,0.64870,0.64915
2022-10-05 04:00:00,0.64893,0.64973,0.64860,0.64969
2022-10-05 03:45:00,0.64860,0.64896,0.64790,0.64893
2022-10-05 03:30:00,0.64858,0.64877,0.64790,0.64859
2022-10-05 03:15:00,0.64844,0.64886,0.64790,0.64859
2022-10-05 03:00:00,0.64839,0.64854,0.64690,0.64844
2022-10-05 02:45:00,0.64940,0.64970,0.64800,0.64839
2022-10-05 02:30:00,0.64890,0.64965,0.64820,0.64940
2022-10-05 02:15:00,0.64950,0.65016,0.64800,0.64899
2022-10-05 02:00:00,0.64991,0.65020,0.64890,0.64952
2022-10-05 01:45:00,0.65241,0.65241,0.64860,0.64992
2022-10-05 01:30:00,0.65090,0.65262,0.65020,0.65230
2022-10-05 01:15:00,0.64897,0.65145,0.64880,0.65097
2022-10-05 01:00:00,0.64960,0.64987,0.64860,0.64902
2022-10-05 00:45:00,0.65066,0.65071,0.64930,0.64976
2022-10-05 00:30:00,0.65137,0.65187,0.64990,0.65068
2022-10-05 00:15:00,0.65131,0.65202,0.65060,0.65100
2022-10-05 00:00:00,0.65003,0.65142,0.64980,0.65130
2022-10-04 23:45:00,0.65017,0.65045,0.64970,0.65002
2022-10-04 23:30:00,0.65038,0.65070,0.64980,0.65019
2022-10-04 23:15:00,0.65059,0.65075,0.64990,0.65041
2022-10-04 23:00:00,0.65070,0.65077,0.64990,0.65059
2022-10-04 22:45:00,0.65064,0.65076,0.65010,0.65060
2022-10-04 22:30:00,0.65030,0.65072,0.64980,0.65059
2022-10-04 22:15:00,0.65005,0.65036,0.64960,0.65026
2022-10-04 22:00:00,0.65005,0.65020,0.64970,0.65009
2022-10-04 21:45:00,0.64988,0.65020,0.64974,0.65005
2022-10-04 21:30:00,0.64979,0.65010,0.64963,0.65010
2022-10-04 21:15:00,0.64989,0.65012,0.64915,0.64989
2022-10-04 21:00:00,0.65048,0.65052,0.64979,0.65016
2022-10-04 20:45:00,0.65018,0.65065,0.65000,0.65048
2022-10-04 20:30:00,0.64994,0.65061,0.64960,0.65024
2022-10-04 20:15:00,0.65029,0.65036,0.64960,0.65000
2022-10-04 20:00:00,0.65043,0.65043,0.64930,0.65029
2022-10-04 19:45:00,0.64950,0.65045,0.64900,0.65043
2022-10-04 19:30:00,0.64910,0.64988,0.64880,0.64961
2022-10-04 19:15:00,0.64981,0.65001,0.64840,0.64919
2022-10-04 19:00:00,0.64811,0.64986,0.64780,0.64981
2022-10-04 18:45:00,0.64748,0.64819,0.64710,0.64815
2022-10-04 18:30:00,0.64687,0.64776,0.64650,0.64743
2022-10-04 18:15:00,0.64768,0.64799,0.64650,0.64684
2022-10-04 18:00:00,0.64700,0.64772,0.64670,0.64767
2022-10-04 17:45:00,0.64720,0.64748,0.64640,0.64714
2022-10-04 17:30:00,0.64633,0.64734,0.64580,0.64714
2022-10-04 17:15:00,0.64680,0.64771,0.64570,0.64637
2022-10-04 17:00:00,0.64931,0.64937,0.64630,0.64699
2022-10-04 16:45:00,0.65095,0.65104,0.64890,0.64934
2022-10-04 16:30:00,0.65077,0.65108,0.64990,0.65102
2022-10-04 16:15:00,0.64915,0.65100,0.64870,0.65076
2022-10-04 16:00:00,0.64927,0.64935,0.64790,0.64915
2022-10-04 15:45:00,0.64962,0.64992,0.64850,0.64929
2022-10-04 15:30:00,0.64964,0.64992,0.64860,0.64966
2022-10-04 15:15:00,0.64974,0.65031,0.64900,0.64963
2022-10-04 15:00:00,0.65087,0.65118,0.64940,0.64969
2022-10-04 14:45:00,0.64954,0.65171,0.64920,0.65087
2022-10-04 14:30:00,0.64984,0.65063,0.64930,0.64952
2022-10-04 14:15:00,0.64741,0.64999,0.64710,0.64977
2022-10-04 14:00:00,0.64659,0.64759,0.64590,0.64740
2022-10-04 13:45:00,0.64693,0.64748,0.64600,0.64659
2022-10-04 13:30:00,0.64766,0.64802,0.64650,0.64691
2022-10-04 13:15:00,0.64820,0.64823,0.64700,0.64767
2022-10-04 13:00:00,0.64677,0.64832,0.64630,0.64810
2022-10-04 12:45:00,0.64649,0.64686,0.64530,0.64678
2022-10-04 12:30:00,0.64569,0.64651,0.64470,0.64650
2022-10-04 12:15:00,0.64586,0.64605,0.64500,0.64565
2022-10-04 12:00:00,0.64640,0.64641,0.64510,0.64578
2022-10-04 11:45:00,0.64590,0.64686,0.64560,0.64636
2022-10-04 11:30:00,0.64633,0.64644,0.64510,0.64607
2022-10-04 11:15:00,0.64715,0.64736,0.64600,0.64638
2022-10-04 11:00:00,0.64822,0.64825,0.64660,0.64715
2022-10-04 10:45:00,0.64908,0.64922,0.64770,0.64821
2022-10-04 10:30:00,0.64843,0.64911,0.64800,0.64902
2022-10-04 10:15:00,0.64844,0.64885,0.64770,0.64838
2022-10-04 10:00:00,0.64861,0.64907,0.64800,0.64845
2022-10-04 09:45:00,0.64890,0.64900,0.64800,0.64855
2022-10-04 09:30:00,0.64886,0.64897,0.64780,0.64890
2022-10-04 09:15:00,0.65030,0.65045,0.64820,0.64884
2022-10-04 09:00:00,0.65036,0.65067,0.64960,0.65020
2022-10-04 08:45:00,0.65000,0.65083,0.64970,0.65028
2022-10-04 08:30:00,0.65190,0.65201,0.65000,0.65043
2022-10-04 08:15:00,0.65241,0.65250,0.65120,0.65192
2022-10-04 08:00:00,0.65335,0.65355,0.65180,0.65242
2022-10-04 07:45:00,0.65393,0.65409,0.65250,0.65320
2022-10-04 07:30:00,0.65382,0.65453,0.65300,0.65385
2022-10-04 07:15:00,0.65409,0.65438,0.65260,0.65350
2022-10-04 07:00:00,0.65327,0.65474,0.65300,0.65408
2022-10-04 06:45:00,0.65061,0.65393,0.65030,0.65326
2022-10-04 06:30:00,0.65005,0.65159,0.64980,0.65060
2022-10-04 06:15:00,0.64944,0.65028,0.64840,0.64970
2022-10-04 06:00:00,0.64720,0.64957,0.64700,0.64945
2022-10-04 05:45:00,0.64669,0.64738,0.64610,0.64737
2022-10-04 05:30:00,0.64781,0.64790,0.64630,0.64669
2022-10-04 05:15:00,0.64730,0.64820,0.64690,0.64782
2022-10-04 05:00:00,0.64741,0.64773,0.64680,0.64736
2022-10-04 04:45:00,0.64623,0.64782,0.64590,0.64735
2022-10-04 04:30:00,0.64634,0.64670,0.64520,0.64620
2022-10-04 04:15:00,0.64900,0.64901,0.64510,0.64641
2022-10-04 04:00:00,0.64865,0.64959,0.64790,0.64898
2022-10-04 03:45:00,0.65041,0.65115,0.64480,0.64867
2022-10-04 03:30:00,0.64998,0.65102,0.64960,0.65039
2022-10-04 03:15:00,0.65009,0.65047,0.64940,0.65000
2022-10-04 03:00:00,0.65003,0.65019,0.64910,0.65007
2022-10-04 02:45:00,0.64974,0.65040,0.64920,0.65001
2022-10-04 02:30:00,0.64918,0.64980,0.64880,0.64974
2022-10-04 02:15:00,0.64910,0.64949,0.64840,0.64921
2022-10-04 02:00:00,0.65014,0.65022,0.64870,0.64913
2022-10-04 01:45:00,0.65058,0.65065,0.64960,0.65011
2022-10-04 01:30:00,0.65094,0.65126,0.65020,0.65064
2022-10-04 01:15:00,0.64994,0.65102,0.64950,0.65096
2022-10-04 01:00:00,0.64990,0.65056,0.64930,0.64992
2022-10-04 00:45:00,0.64973,0.65013,0.64930,0.64992
2022-10-04 00:30:00,0.65033,0.65077,0.64940,0.64973
2022-10-04 00:15:00,0.65020,0.65050,0.64950,0.65034
2022-10-04 00:00:00,0.65057,0.65085,0.64980,0.65025
2022-10-03 23:45:00,0.65140,0.65140,0.64990,0.65053
2022-10-03 23:30:00,0.65121,0.65180,0.65090,0.65136
2022-10-03 23:15:00,0.65035,0.65130,0.65000,0.65120
2022-10-03 23:00:00,0.65035,0.65045,0.64980,0.65020
2022-10-03 22:45:00,0.65060,0.65088,0.64970,0.65000
2022-10-03 22:30:00,0.65093,0.65099,0.65030,0.65078
2022-10-03 22:15:00,0.65131,0.65161,0.65050,0.65086
2022-10-03 22:00:00,0.65125,0.65173,0.65070,0.65118
2022-10-03 21:45:00,0.65124,0.65142,0.65080,0.65128
2022-10-03 21:30:00,0.65124,0.65152,0.65100,0.65130
2022-10-03 21:15:00,0.65150,0.65164,0.65115,0.65123
2022-10-03 21:00:00,0.65172,0.65180,0.65110,0.65150
2022-10-03 20:45:00,0.65135,0.65174,0.65100,0.65166
2022-10-03 20:30:00,0.65137,0.65173,0.65100,0.65137
2022-10-03 20:15:00,0.65149,0.65170,0.65100,0.65138
2022-10-03 20:00:00,0.65117,0.65148,0.65060,0.65148
2022-10-03 19:45:00,0.65123,0.65155,0.65080,0.65119
2022-10-03 19:30:00,0.65090,0.65146,0.65010,0.65110
2022-10-03 19:15:00,0.65167,0.65170,0.65050,0.65089
2022-10-03 19:00:00,0.65216,0.65216,0.65130,0.65165
2022-10-03 18:45:00,0.65153,0.65221,0.65120,0.65200
2022-10-03 18:30:00,0.65057,0.65155,0.65030,0.65140
2022-10-03 18:15:00,0.65038,0.65085,0.64990,0.65058
2022-10-03 18:00:00,0.65050,0.65100,0.64990,0.65033
2022-10-03 17:45:00,0.65051,0.65090,0.64990,0.65049
2022-10-03 17:30:00,0.65062,0.65070,0.64970,0.65053
2022-10-03 17:15:00,0.65076,0.65111,0.65020,0.65064
2022-10-03 17:00:00,0.65029,0.65077,0.64960,0.65077
2022-10-03 16:45:00,0.64991,0.65063,0.64940,0.65026
2022-10-03 16:30:00,0.65039,0.65054,0.64930,0.64992
2022-10-03 16:15:00,0.64998,0.65095,0.64970,0.65036
2022-10-03 16:00:00,0.65079,0.65130,0.64960,0.64999
2022-10-03 15:45:00,0.65144,0.65172,0.65040,0.65080
2022-10-03 15:30:00,0.65065,0.65161,0.65010,0.65144
2022-10-03 15:15:00,0.64980,0.65123,0.64940,0.65064
2022-10-03 15:00:00,0.64976,0.65050,0.64900,0.64980
2022-10-03 14:45:00,0.65050,0.65103,0.64900,0.64971
2022-10-03 14:30:00,0.64881,0.65100,0.64780,0.65049
2022-10-03 14:15:00,0.64724,0.65057,0.64707,0.64875
2022-10-03 14:00:00,0.64701,0.64790,0.64660,0.64719
2022-10-03 13:45:00,0.64774,0.64781,0.64600,0.64680
2022-10-03 13:30:00,0.64798,0.64882,0.64730,0.64775
2022-10-03 13:15:00,0.64662,0.64802,0.64620,0.64798
2022-10-03 13:00:00,0.64693,0.64796,0.64620,0.64667
2022-10-03 12:45:00,0.64530,0.64702,0.64500,0.64700
2022-10-03 12:30:00,0.64543,0.64629,0.64490,0.64541
2022-10-03 12:15:00,0.64580,0.64590,0.64480,0.64543
2022-10-03 12:00:00,0.64525,0.64583,0.64450,0.64581
2022-10-03 11:45:00,0.64511,0.64570,0.64460,0.64529
2022-10-03 11:30:00,0.64480,0.64519,0.64440,0.64511
2022-10-03 11:15:00,0.64477,0.64531,0.64430,0.64499
2022-10-03 11:00:00,0.64463,0.64515,0.64400,0.64480
2022-10-03 10:45:00,0.64491,0.64495,0.64410,0.64464
2022-10-03 10:30:00,0.64421,0.64503,0.64360,0.64488
2022-10-03 10:15:00,0.64430,0.64474,0.64350,0.64426
2022-10-03 10:00:00,0.64413,0.64444,0.64320,0.64438
2022-10-03 09:45:00,0.64390,0.64443,0.64350,0.64415
2022-10-03 09:30:00,0.64372,0.64450,0.64330,0.64420
2022-10-03 09:15:00,0.64491,0.64493,0.64320,0.64369
2022-10-03 09:00:00,0.64520,0.64521,0.64420,0.64490
2022-10-03 08:45:00,0.64450,0.64544,0.64420,0.64516
2022-10-03 08:30:00,0.64423,0.64504,0.64360,0.64487
2022-10-03 08:15:00,0.64480,0.64480,0.64340,0.64422
2022-10-03 08:00:00,0.64390,0.64490,0.64360,0.64475
2022-10-03 07:45:00,0.64424,0.64462,0.64330,0.64388
2022-10-03 07:30:00,0.64300,0.64462,0.64250,0.64424
2022-10-03 07:15:00,0.64341,0.64417,0.64220,0.64306
2022-10-03 07:00:00,0.64272,0.64344,0.64210,0.64344
2022-10-03 06:45:00,0.64370,0.64396,0.64230,0.64270
2022-10-03 06:30:00,0.64516,0.64520,0.64330,0.64361
2022-10-03 06:15:00,0.64539,0.64563,0.64450,0.64517
2022-10-03 06:00:00,0.64451,0.64601,0.64390,0.64538
2022-10-03 05:45:00,0.64329,0.64466,0.64300,0.64452
2022-10-03 05:30:00,0.64292,0.64334,0.64230,0.64329
2022-10-03 05:15:00,0.64273,0.64306,0.64200,0.64294
2022-10-03 05:00:00,0.64274,0.64304,0.64230,0.64272
2022-10-03 04:45:00,0.64320,0.64335,0.64190,0.64272
2022-10-03 04:30:00,0.64220,0.64337,0.64190,0.64321
2022-10-03 04:15:00,0.64300,0.64301,0.64160,0.64249
2022-10-03 04:00:00,0.64330,0.64346,0.64230,0.64294
2022-10-03 03:45:00,0.64339,0.64370,0.64280,0.64330
2022-10-03 03:30:00,0.64316,0.64365,0.64290,0.64342
2022-10-03 03:15:00,0.64308,0.64326,0.64240,0.64316
2022-10-03 03:00:00,0.64374,0.64422,0.64270,0.64301
2022-10-03 02:45:00,0.64359,0.64390,0.64310,0.64376
2022-10-03 02:30:00,0.64447,0.64462,0.64310,0.64358
2022-10-03 02:15:00,0.64460,0.64466,0.64370,0.64449
2022-10-03 02:00:00,0.64400,0.64490,0.64350,0.64463
2022-10-03 01:45:00,0.64345,0.64402,0.64300,0.64400
2022-10-03 01:30:00,0.64319,0.64357,0.64230,0.64345
2022-10-03 01:15:00,0.64225,0.64338,0.64190,0.64320
2022-10-03 01:00:00,0.64222,0.64254,0.64170,0.64224
2022-10-03 00:45:00,0.64210,0.64244,0.64160,0.64222
2022-10-03 00:30:00,0.64163,0.64237,0.64110,0.64223
2022-10-03 00:15:00,0.64200,0.64200,0.64080,0.64163
2022-10-03 00:00:00,0.64251,0.64270,0.64130,0.64190
2022-10-02 23:45:00,0.64247,0.64273,0.64200,0.64248
2022-10-02 23:30:00,0.64205,0.64260,0.64150,0.64242
2022-10-02 23:15:00,0.64166,0.64216,0.64090,0.64207
2022-10-02 23:00:00,0.64259,0.64260,0.64130,0.64162
2022-10-02 22:45:00,0.64257,0.64269,0.64170,0.64260
2022-10-02 22:30:00,0.64168,0.64284,0.64120,0.64258
2022-10-02 22:15:00,0.64020,0.64196,0.63987,0.64169
2022-09-30 21:45:00,0.64020,0.64020,0.64020,0.64020
2022-09-30 21:30:00,0.64020,0.64020,0.64020,0.64020
2022-09-30 21:15:00,0.64020,0.64020,0.64020,0.64020
2022-09-30 21:00:00,0.63916,0.64108,0.63880,0.64023
2022-09-30 20:45:00,0.63968,0.63972,0.63880,0.63917
2022-09-30 20:30:00,0.63961,0.64003,0.63910,0.63964
2022-09-30 20:15:00,0.63963,0.64001,0.63920,0.63961
2022-09-30 20:00:00,0.63980,0.64002,0.63880,0.63971
2022-09-30 19:45:00,0.64012,0.64021,0.63880,0.63983
2022-09-30 19:30:00,0.64010,0.64029,0.63910,0.64009
2022-09-30 19:15:00,0.64077,0.64144,0.63970,0.64014
2022-09-30 19:00:00,0.64174,0.64182,0.64010,0.64076
2022-09-30 18:45:00,0.64195,0.64243,0.64120,0.64167
2022-09-30 18:30:00,0.64198,0.64234,0.64150,0.64197
2022-09-30 18:15:00,0.64199,0.64207,0.64100,0.64197
2022-09-30 18:00:00,0.64211,0.64250,0.64140,0.64190
2022-09-30 17:45:00,0.64265,0.64280,0.64140,0.64206
2022-09-30 17:30:00,0.64291,0.64314,0.64190,0.64261
2022-09-30 17:15:00,0.64301,0.64348,0.64210,0.64290
2022-09-30 17:00:00,0.64314,0.64330,0.64250,0.64300
2022-09-30 16:45:00,0.64240,0.64321,0.64200,0.64314
2022-09-30 16:30:00,0.64299,0.64312,0.64150,0.64230
2022-09-30 16:15:00,0.64357,0.64361,0.64210,0.64299
2022-09-30 16:00:00,0.64417,0.64423,0.64290,0.64357
2022-09-30 15:45:00,0.64402,0.64455,0.64350,0.64416
2022-09-30 15:30:00,0.64430,0.64515,0.64370,0.64370
2022-09-30 15:15:00,0.64280,0.64481,0.64210,0.64461
2022-09-30 15:00:00,0.64532,0.64668,0.64210,0.64284
2022-09-30 14:45:00,0.64604,0.64708,0.64480,0.64533
2022-09-30 14:30:00,0.64696,0.64703,0.64520,0.64609
2022-09-30 14:15:00,0.64778,0.64856,0.64640,0.64701
2022-09-30 14:00:00,0.64794,0.64860,0.64690,0.64791
2022-09-30 13:45:00,0.64729,0.64854,0.64690,0.64795
2022-09-30 13:30:00,0.64767,0.64788,0.64650,0.64729
2022-09-30 13:15:00,0.64761,0.64831,0.64640,0.64767
2022-09-30 13:00:00,0.64829,0.64849,0.64690,0.64766
2022-09-30 12:45:00,0.64773,0.64888,0.64500,0.64828
2022-09-30 12:30:00,0.64653,0.64810,0.64610,0.64771
2022-09-30 12:15:00,0.64642,0.64685,0.64550,0.64657
2022-09-30 12:00:00,0.64649,0.64660,0.64560,0.64644
2022-09-30 11:45:00,0.64719,0.64721,0.64580,0.64652
2022-09-30 11:30:00,0.64693,0.64731,0.64630,0.64718
2022-09-30 11:15:00,0.64708,0.64738,0.64610,0.64690
2022-09-30 11:00:00,0.64792,0.64792,0.64630,0.64715
2022-09-30 10:45:00,0.64828,0.64855,0.64720,0.64792
2022-09-30 10:30:00,0.64930,0.64956,0.64780,0.64830
2022-09-30 10:15:00,0.64911,0.65018,0.64870,0.64939
2022-09-30 10:00:00,0.64938,0.65008,0.64870,0.64914
2022-09-30 09:45:00,0.65040,0.65041,0.64880,0.64939
2022-09-30 09:30:00,0.65093,0.65115,0.64990,0.65037
2022-09-30 09:15:00,0.65135,0.65146,0.65030,0.65094
2022-09-30 09:00:00,0.65102,0.65176,0.65050,0.65131
2022-09-30 08:45:00,0.65100,0.65206,0.65050,0.65102
2022-09-30 08:30:00,0.65090,0.65239,0.65090,0.65141
2022-09-30 08:15:00,0.65020,0.65155,0.64990,0.65133
2022-09-30 08:00:00,0.64970,0.65042,0.64910,0.65020
